[{"name": "", "alamat": "", "num_invited": "", "city": "", "code": "338cf32c-1a40-47e9-9f24-67f1b0b9d794", "guesttype": "reg", "desknumber": "-", "regnumber": "5001", "note": "none"}, {"name": "", "alamat": "", "num_invited": "", "city": "", "code": "c1a4d3f1-55cd-4369-89cb-54be5234145e", "guesttype": "reg", "desknumber": "-", "regnumber": "5002", "note": "none"}, {"name": "", "alamat": "", "num_invited": "", "city": "", "code": "abede335-c8ad-4ff6-b1c7-99bd50a4a270", "guesttype": "reg", "desknumber": "-", "regnumber": "5003", "note": "none"}, {"name": "", "alamat": "", "num_invited": "", "city": "", "code": "cb02df13-5521-4cc9-9f0d-e1c8f0860ba4", "guesttype": "reg", "desknumber": "-", "regnumber": "5004", "note": "none"}, {"name": "", "alamat": "", "num_invited": "", "city": "", "code": "f3cec119-acc0-4f88-a23a-a1f8bfe2e19d", "guesttype": "reg", "desknumber": "-", "regnumber": "5005", "note": "none"}, {"name": "", "alamat": "", "num_invited": "", "city": "", "code": "559b058f-db4a-480a-b8a8-1d7c403dbf1f", "guesttype": "reg", "desknumber": "-", "regnumber": "5006", "note": "none"}, {"name": "", "alamat": "", "num_invited": "", "city": "", "code": "65ff76e0-8252-4f78-b18d-05ddd518bfd9", "guesttype": "reg", "desknumber": "-", "regnumber": "5007", "note": "none"}, {"name": "", "alamat": "", "num_invited": "", "city": "", "code": "759c736a-2548-4acd-a417-7ce62541fa29", "guesttype": "reg", "desknumber": "-", "regnumber": "5008", "note": "none"}, {"name": "", "alamat": "", "num_invited": "", "city": "", "code": "64ba0235-1a37-4954-940c-15d51eeddf9e", "guesttype": "reg", "desknumber": "-", "regnumber": "5009", "note": "none"}, {"name": "", "alamat": "", "num_invited": "", "city": "", "code": "c8c598c4-b2bc-4e3d-9768-b8bd6dd1d3cf", "guesttype": "reg", "desknumber": "-", "regnumber": "5010", "note": "none"}, {"name": "", "alamat": "", "num_invited": "", "city": "", "code": "8896cab2-d6c5-419d-a664-4a66d710002d", "guesttype": "reg", "desknumber": "-", "regnumber": "5011", "note": "none"}, {"name": "", "alamat": "", "num_invited": "", "city": "", "code": "d06fdc0c-57fc-474e-858c-06cbb9425341", "guesttype": "reg", "desknumber": "-", "regnumber": "5012", "note": "none"}, {"name": "", "alamat": "", "num_invited": "", "city": "", "code": "e49a4b57-cc77-4d32-833d-a1497d53ea55", "guesttype": "reg", "desknumber": "-", "regnumber": "5013", "note": "none"}, {"name": "", "alamat": "", "num_invited": "", "city": "", "code": "cec81d60-d6fa-4fb0-9af2-ab83b3f0daef", "guesttype": "reg", "desknumber": "-", "regnumber": "5014", "note": "none"}, {"name": "", "alamat": "", "num_invited": "", "city": "", "code": "1358f405-dc01-45a0-8adc-3bb3a29a4c87", "guesttype": "reg", "desknumber": "-", "regnumber": "5015", "note": "none"}, {"name": "", "alamat": "", "num_invited": "", "city": "", "code": "b9ebb44d-2bed-4b0e-9a88-ef4fce556c87", "guesttype": "reg", "desknumber": "-", "regnumber": "5016", "note": "none"}, {"name": "", "alamat": "", "num_invited": "", "city": "", "code": "e1766b27-f691-43e6-b2b1-214c451cf020", "guesttype": "reg", "desknumber": "-", "regnumber": "5017", "note": "none"}, {"name": "", "alamat": "", "num_invited": "", "city": "", "code": "9fcff489-b26b-42a9-b549-65dc2d155803", "guesttype": "reg", "desknumber": "-", "regnumber": "5018", "note": "none"}, {"name": "", "alamat": "", "num_invited": "", "city": "", "code": "3c7921d6-9572-4b27-acb5-d2bd91370c53", "guesttype": "reg", "desknumber": "-", "regnumber": "5019", "note": "none"}, {"name": "", "alamat": "", "num_invited": "", "city": "", "code": "67f386e2-1dbb-46ac-b081-86b8b692e57f", "guesttype": "reg", "desknumber": "-", "regnumber": "5020", "note": "none"}, {"name": "", "alamat": "", "num_invited": "", "city": "", "code": "b8803f21-d897-4b3e-804e-992efef734db", "guesttype": "reg", "desknumber": "-", "regnumber": "5021", "note": "none"}, {"name": "", "alamat": "", "num_invited": "", "city": "", "code": "3715bc34-ec6b-40b3-b6be-85fe3a4f2890", "guesttype": "reg", "desknumber": "-", "regnumber": "5022", "note": "none"}, {"name": "", "alamat": "", "num_invited": "", "city": "", "code": "4b9dc64d-2764-4262-b016-5e453ea8bc25", "guesttype": "reg", "desknumber": "-", "regnumber": "5023", "note": "none"}, {"name": "", "alamat": "", "num_invited": "", "city": "", "code": "7fa71770-0601-4c18-a3df-85a111246371", "guesttype": "reg", "desknumber": "-", "regnumber": "5024", "note": "none"}, {"name": "", "alamat": "", "num_invited": "", "city": "", "code": "e1a47f73-7b44-41ba-b6a1-9f91cf6203d8", "guesttype": "reg", "desknumber": "-", "regnumber": "5025", "note": "none"}, {"name": "", "alamat": "", "num_invited": "", "city": "", "code": "88da28fc-7bf4-4da5-9703-e6cf8fc26c51", "guesttype": "reg", "desknumber": "-", "regnumber": "5026", "note": "none"}, {"name": "", "alamat": "", "num_invited": "", "city": "", "code": "0a93d591-38a7-416f-a7a3-790effdbde0d", "guesttype": "reg", "desknumber": "-", "regnumber": "5027", "note": "none"}, {"name": "", "alamat": "", "num_invited": "", "city": "", "code": "2fb50127-f772-4d3d-8de6-689afbab73f3", "guesttype": "reg", "desknumber": "-", "regnumber": "5028", "note": "none"}, {"name": "", "alamat": "", "num_invited": "", "city": "", "code": "89ecfe68-97fb-4c60-9058-7f1e9cfbbfc0", "guesttype": "reg", "desknumber": "-", "regnumber": "5029", "note": "none"}, {"name": "", "alamat": "", "num_invited": "", "city": "", "code": "7f1496cc-2689-4f01-8b3f-925a59d9e938", "guesttype": "reg", "desknumber": "-", "regnumber": "5030", "note": "none"}, {"name": "", "alamat": "", "num_invited": "", "city": "", "code": "4c7003d9-e556-4666-89d5-4b60e94e54e2", "guesttype": "reg", "desknumber": "-", "regnumber": "5031", "note": "none"}, {"name": "", "alamat": "", "num_invited": "", "city": "", "code": "f1836e81-0d75-4471-9cb7-01c4a00e99ba", "guesttype": "reg", "desknumber": "-", "regnumber": "5032", "note": "none"}, {"name": "", "alamat": "", "num_invited": "", "city": "", "code": "83bc9abb-aa31-4c96-8c07-83d7d981f506", "guesttype": "reg", "desknumber": "-", "regnumber": "5033", "note": "none"}, {"name": "", "alamat": "", "num_invited": "", "city": "", "code": "f17ff54b-452f-42f0-8e6e-805ee50fd407", "guesttype": "reg", "desknumber": "-", "regnumber": "5034", "note": "none"}, {"name": "", "alamat": "", "num_invited": "", "city": "", "code": "207dc475-c499-4b99-b535-c9ffcf9f21f4", "guesttype": "reg", "desknumber": "-", "regnumber": "5035", "note": "none"}, {"name": "", "alamat": "", "num_invited": "", "city": "", "code": "3b2b48e2-6c74-4654-bd3e-e925d5969af7", "guesttype": "reg", "desknumber": "-", "regnumber": "5036", "note": "none"}, {"name": "", "alamat": "", "num_invited": "", "city": "", "code": "e36c2811-83a4-401d-89e7-8a88bdd57ff1", "guesttype": "reg", "desknumber": "-", "regnumber": "5037", "note": "none"}, {"name": "", "alamat": "", "num_invited": "", "city": "", "code": "c9c1d086-77fd-49b4-b6cb-d0849399ed5b", "guesttype": "reg", "desknumber": "-", "regnumber": "5038", "note": "none"}, {"name": "", "alamat": "", "num_invited": "", "city": "", "code": "e6e51f76-8d1a-4d6e-9703-9662586189e4", "guesttype": "reg", "desknumber": "-", "regnumber": "5039", "note": "none"}, {"name": "", "alamat": "", "num_invited": "", "city": "", "code": "5039ce66-37f0-4876-846c-76b24ef18ae6", "guesttype": "reg", "desknumber": "-", "regnumber": "5040", "note": "none"}, {"name": "", "alamat": "", "num_invited": "", "city": "", "code": "556a8fac-316e-41c6-8f06-68ec55cb9fc2", "guesttype": "reg", "desknumber": "-", "regnumber": "5041", "note": "none"}, {"name": "", "alamat": "", "num_invited": "", "city": "", "code": "b5dba88b-73b4-4303-9b14-a0a5d39abfb3", "guesttype": "reg", "desknumber": "-", "regnumber": "5042", "note": "none"}, {"name": "", "alamat": "", "num_invited": "", "city": "", "code": "d6994e2d-4f05-481e-8b57-df86956923c3", "guesttype": "reg", "desknumber": "-", "regnumber": "5043", "note": "none"}, {"name": "", "alamat": "", "num_invited": "", "city": "", "code": "e14c4330-580a-4c82-aedd-54c9c21e80da", "guesttype": "reg", "desknumber": "-", "regnumber": "5044", "note": "none"}, {"name": "", "alamat": "", "num_invited": "", "city": "", "code": "32df5041-9e58-42b4-988b-272d21a0665e", "guesttype": "reg", "desknumber": "-", "regnumber": "5045", "note": "none"}, {"name": "", "alamat": "", "num_invited": "", "city": "", "code": "7c772452-8bb5-4f22-8ed3-b4b3398f7a7e", "guesttype": "reg", "desknumber": "-", "regnumber": "5046", "note": "none"}, {"name": "", "alamat": "", "num_invited": "", "city": "", "code": "91a4f5fc-168e-49b4-b888-80611fba0795", "guesttype": "reg", "desknumber": "-", "regnumber": "5047", "note": "none"}, {"name": "", "alamat": "", "num_invited": "", "city": "", "code": "80285f0f-6596-480b-9ddd-109b8a42e2d8", "guesttype": "reg", "desknumber": "-", "regnumber": "5048", "note": "none"}, {"name": "", "alamat": "", "num_invited": "", "city": "", "code": "fb7da2f4-8132-4652-8b33-6e6d30b4ee12", "guesttype": "reg", "desknumber": "-", "regnumber": "5049", "note": "none"}, {"name": "", "alamat": "", "num_invited": "", "city": "", "code": "844fface-0e32-484e-9040-443f57564517", "guesttype": "reg", "desknumber": "-", "regnumber": "5050", "note": "none"}, {"name": "", "alamat": "", "num_invited": "", "city": "", "code": "67ae087f-b393-46e6-b260-2e8e4cc86059", "guesttype": "reg", "desknumber": "-", "regnumber": "5051", "note": "none"}, {"name": "", "alamat": "", "num_invited": "", "city": "", "code": "56bc3b6d-7de7-4b1c-acfc-3e729f4fe958", "guesttype": "reg", "desknumber": "-", "regnumber": "5052", "note": "none"}, {"name": "", "alamat": "", "num_invited": "", "city": "", "code": "40e38d86-3a57-40c9-95bf-a33207a1c9bd", "guesttype": "reg", "desknumber": "-", "regnumber": "5053", "note": "none"}, {"name": "", "alamat": "", "num_invited": "", "city": "", "code": "75941800-324d-4b6a-a612-bd05e774fd08", "guesttype": "reg", "desknumber": "-", "regnumber": "5054", "note": "none"}, {"name": "", "alamat": "", "num_invited": "", "city": "", "code": "eced209c-a351-4721-bf7c-d5701af224fd", "guesttype": "reg", "desknumber": "-", "regnumber": "5055", "note": "none"}, {"name": "", "alamat": "", "num_invited": "", "city": "", "code": "f8d9373f-98b0-404a-ae71-7b680fbb25c0", "guesttype": "reg", "desknumber": "-", "regnumber": "5056", "note": "none"}, {"name": "", "alamat": "", "num_invited": "", "city": "", "code": "196c34b4-949b-4a6a-922a-a475792de1f3", "guesttype": "reg", "desknumber": "-", "regnumber": "5057", "note": "none"}, {"name": "", "alamat": "", "num_invited": "", "city": "", "code": "43642469-5c5b-4b12-a7e8-a1c0bb20a384", "guesttype": "reg", "desknumber": "-", "regnumber": "5058", "note": "none"}, {"name": "", "alamat": "", "num_invited": "", "city": "", "code": "ff394b60-d3e2-4f83-b060-263b595bc886", "guesttype": "reg", "desknumber": "-", "regnumber": "5059", "note": "none"}, {"name": "", "alamat": "", "num_invited": "", "city": "", "code": "d5feb9ff-1d0c-4551-a971-13a72253291f", "guesttype": "reg", "desknumber": "-", "regnumber": "5060", "note": "none"}, {"name": "", "alamat": "", "num_invited": "", "city": "", "code": "81ed1580-97af-4182-9a3c-51809a8f26bb", "guesttype": "reg", "desknumber": "-", "regnumber": "5061", "note": "none"}, {"name": "", "alamat": "", "num_invited": "", "city": "", "code": "d020b84f-5fb4-4264-a6a8-2494120197f8", "guesttype": "reg", "desknumber": "-", "regnumber": "5062", "note": "none"}, {"name": "", "alamat": "", "num_invited": "", "city": "", "code": "33250f94-b074-44c3-8f11-e7653ddd73cc", "guesttype": "reg", "desknumber": "-", "regnumber": "5063", "note": "none"}, {"name": "", "alamat": "", "num_invited": "", "city": "", "code": "46e8acbd-1bb6-4e81-92f7-489d3bf8e78d", "guesttype": "reg", "desknumber": "-", "regnumber": "5064", "note": "none"}, {"name": "", "alamat": "", "num_invited": "", "city": "", "code": "a792db44-3d52-490e-baaa-7fd03d6788db", "guesttype": "reg", "desknumber": "-", "regnumber": "5065", "note": "none"}, {"name": "", "alamat": "", "num_invited": "", "city": "", "code": "dcb5a9e5-85c9-4eb2-bda6-e76ac8493ea3", "guesttype": "reg", "desknumber": "-", "regnumber": "5066", "note": "none"}, {"name": "", "alamat": "", "num_invited": "", "city": "", "code": "aed41544-e694-477a-951a-93d2c1c9d654", "guesttype": "reg", "desknumber": "-", "regnumber": "5067", "note": "none"}, {"name": "", "alamat": "", "num_invited": "", "city": "", "code": "98634cd3-7e72-4fa2-beb4-9125436d34d2", "guesttype": "reg", "desknumber": "-", "regnumber": "5068", "note": "none"}, {"name": "", "alamat": "", "num_invited": "", "city": "", "code": "c1a71045-6e9f-4eaa-b038-01c214a7e365", "guesttype": "reg", "desknumber": "-", "regnumber": "5069", "note": "none"}, {"name": "", "alamat": "", "num_invited": "", "city": "", "code": "c3be8974-9e49-4cfc-894e-bae05577b91f", "guesttype": "reg", "desknumber": "-", "regnumber": "5070", "note": "none"}]