name,alamat,num_invited,city,code,guesttype,desknumber,regnumber,note
,,,,338cf32c-1a40-47e9-9f24-67f1b0b9d794,reg,-,5001,none
,,,,c1a4d3f1-55cd-4369-89cb-54be5234145e,reg,-,5002,none
,,,,abede335-c8ad-4ff6-b1c7-99bd50a4a270,reg,-,5003,none
,,,,cb02df13-5521-4cc9-9f0d-e1c8f0860ba4,reg,-,5004,none
,,,,f3cec119-acc0-4f88-a23a-a1f8bfe2e19d,reg,-,5005,none
,,,,559b058f-db4a-480a-b8a8-1d7c403dbf1f,reg,-,5006,none
,,,,65ff76e0-8252-4f78-b18d-05ddd518bfd9,reg,-,5007,none
,,,,759c736a-2548-4acd-a417-7ce62541fa29,reg,-,5008,none
,,,,64ba0235-1a37-4954-940c-15d51eeddf9e,reg,-,5009,none
,,,,c8c598c4-b2bc-4e3d-9768-b8bd6dd1d3cf,reg,-,5010,none
,,,,8896cab2-d6c5-419d-a664-4a66d710002d,reg,-,5011,none
,,,,d06fdc0c-57fc-474e-858c-06cbb9425341,reg,-,5012,none
,,,,e49a4b57-cc77-4d32-833d-a1497d53ea55,reg,-,5013,none
,,,,cec81d60-d6fa-4fb0-9af2-ab83b3f0daef,reg,-,5014,none
,,,,1358f405-dc01-45a0-8adc-3bb3a29a4c87,reg,-,5015,none
,,,,b9ebb44d-2bed-4b0e-9a88-ef4fce556c87,reg,-,5016,none
,,,,e1766b27-f691-43e6-b2b1-214c451cf020,reg,-,5017,none
,,,,9fcff489-b26b-42a9-b549-65dc2d155803,reg,-,5018,none
,,,,3c7921d6-9572-4b27-acb5-d2bd91370c53,reg,-,5019,none
,,,,67f386e2-1dbb-46ac-b081-86b8b692e57f,reg,-,5020,none
,,,,b8803f21-d897-4b3e-804e-992efef734db,reg,-,5021,none
,,,,3715bc34-ec6b-40b3-b6be-85fe3a4f2890,reg,-,5022,none
,,,,4b9dc64d-2764-4262-b016-5e453ea8bc25,reg,-,5023,none
,,,,7fa71770-0601-4c18-a3df-85a111246371,reg,-,5024,none
,,,,e1a47f73-7b44-41ba-b6a1-9f91cf6203d8,reg,-,5025,none
,,,,88da28fc-7bf4-4da5-9703-e6cf8fc26c51,reg,-,5026,none
,,,,0a93d591-38a7-416f-a7a3-790effdbde0d,reg,-,5027,none
,,,,2fb50127-f772-4d3d-8de6-689afbab73f3,reg,-,5028,none
,,,,89ecfe68-97fb-4c60-9058-7f1e9cfbbfc0,reg,-,5029,none
,,,,7f1496cc-2689-4f01-8b3f-925a59d9e938,reg,-,5030,none
,,,,4c7003d9-e556-4666-89d5-4b60e94e54e2,reg,-,5031,none
,,,,f1836e81-0d75-4471-9cb7-01c4a00e99ba,reg,-,5032,none
,,,,83bc9abb-aa31-4c96-8c07-83d7d981f506,reg,-,5033,none
,,,,f17ff54b-452f-42f0-8e6e-805ee50fd407,reg,-,5034,none
,,,,207dc475-c499-4b99-b535-c9ffcf9f21f4,reg,-,5035,none
,,,,3b2b48e2-6c74-4654-bd3e-e925d5969af7,reg,-,5036,none
,,,,e36c2811-83a4-401d-89e7-8a88bdd57ff1,reg,-,5037,none
,,,,c9c1d086-77fd-49b4-b6cb-d0849399ed5b,reg,-,5038,none
,,,,e6e51f76-8d1a-4d6e-9703-9662586189e4,reg,-,5039,none
,,,,5039ce66-37f0-4876-846c-76b24ef18ae6,reg,-,5040,none
,,,,556a8fac-316e-41c6-8f06-68ec55cb9fc2,reg,-,5041,none
,,,,b5dba88b-73b4-4303-9b14-a0a5d39abfb3,reg,-,5042,none
,,,,d6994e2d-4f05-481e-8b57-df86956923c3,reg,-,5043,none
,,,,e14c4330-580a-4c82-aedd-54c9c21e80da,reg,-,5044,none
,,,,32df5041-9e58-42b4-988b-272d21a0665e,reg,-,5045,none
,,,,7c772452-8bb5-4f22-8ed3-b4b3398f7a7e,reg,-,5046,none
,,,,91a4f5fc-168e-49b4-b888-80611fba0795,reg,-,5047,none
,,,,80285f0f-6596-480b-9ddd-109b8a42e2d8,reg,-,5048,none
,,,,fb7da2f4-8132-4652-8b33-6e6d30b4ee12,reg,-,5049,none
,,,,844fface-0e32-484e-9040-443f57564517,reg,-,5050,none
,,,,67ae087f-b393-46e6-b260-2e8e4cc86059,reg,-,5051,none
,,,,56bc3b6d-7de7-4b1c-acfc-3e729f4fe958,reg,-,5052,none
,,,,40e38d86-3a57-40c9-95bf-a33207a1c9bd,reg,-,5053,none
,,,,75941800-324d-4b6a-a612-bd05e774fd08,reg,-,5054,none
,,,,eced209c-a351-4721-bf7c-d5701af224fd,reg,-,5055,none
,,,,f8d9373f-98b0-404a-ae71-7b680fbb25c0,reg,-,5056,none
,,,,196c34b4-949b-4a6a-922a-a475792de1f3,reg,-,5057,none
,,,,43642469-5c5b-4b12-a7e8-a1c0bb20a384,reg,-,5058,none
,,,,ff394b60-d3e2-4f83-b060-263b595bc886,reg,-,5059,none
,,,,d5feb9ff-1d0c-4551-a971-13a72253291f,reg,-,5060,none
,,,,81ed1580-97af-4182-9a3c-51809a8f26bb,reg,-,5061,none
,,,,d020b84f-5fb4-4264-a6a8-2494120197f8,reg,-,5062,none
,,,,33250f94-b074-44c3-8f11-e7653ddd73cc,reg,-,5063,none
,,,,46e8acbd-1bb6-4e81-92f7-489d3bf8e78d,reg,-,5064,none
,,,,a792db44-3d52-490e-baaa-7fd03d6788db,reg,-,5065,none
,,,,dcb5a9e5-85c9-4eb2-bda6-e76ac8493ea3,reg,-,5066,none
,,,,aed41544-e694-477a-951a-93d2c1c9d654,reg,-,5067,none
,,,,98634cd3-7e72-4fa2-beb4-9125436d34d2,reg,-,5068,none
,,,,c1a71045-6e9f-4eaa-b038-01c214a7e365,reg,-,5069,none
,,,,c3be8974-9e49-4cfc-894e-bae05577b91f,reg,-,5070,none
