[{"name": "Alfonsus Eddy Budiono", "alamat": "", "num_invited": "2", "city": "Surabaya", "code": "db31a3ec-aba5-46ad-8071-52b68fbadeb6", "guesttype": "reg", "desknumber": "-", "regnumber": "8001", "note": "none"}, {"name": "Dede Wiryawan", "alamat": "", "num_invited": "2", "city": "Surabaya", "code": "f1635375-909d-45c6-9b8c-34e2bca8b510", "guesttype": "reg", "desknumber": "-", "regnumber": "8002", "note": "none"}, {"name": "Sie Hwat Ming", "alamat": "", "num_invited": "2", "city": "Surabaya", "code": "416baa22-f848-4fdb-b062-7a58734b7f5e", "guesttype": "reg", "desknumber": "-", "regnumber": "8003", "note": "none"}, {"name": "Po Bien Tjhiang", "alamat": "", "num_invited": "2", "city": "Surabaya", "code": "e9c6967a-cecf-436a-a29c-94c252054734", "guesttype": "reg", "desknumber": "-", "regnumber": "8004", "note": "none"}, {"name": "Herry Iswasta ", "alamat": "", "num_invited": "2", "city": "Surabaya", "code": "faa4afae-f912-41d6-911a-d76880486c2b", "guesttype": "reg", "desknumber": "-", "regnumber": "8005", "note": "none"}, {"name": "Bambang Santoso", "alamat": "", "num_invited": "2", "city": "Surabaya", "code": "0cb036d6-602e-4296-9fdd-9e72f798665c", "guesttype": "reg", "desknumber": "-", "regnumber": "8006", "note": "none"}, {"name": "Imansyah Bakhtiar", "alamat": "", "num_invited": "2", "city": "Surabaya", "code": "50e5a74f-4022-4bd3-9ecf-bef7af672eec", "guesttype": "reg", "desknumber": "-", "regnumber": "8007", "note": "none"}, {"name": "Sunny Tanaga Tan", "alamat": "", "num_invited": "2", "city": "Surabaya", "code": "b3a57da0-2f43-4dbc-a5b1-7e0fbf49099d", "guesttype": "reg", "desknumber": "-", "regnumber": "8008", "note": "none"}, {"name": "Willy Jayanata ", "alamat": "", "num_invited": "2", "city": "Surabaya", "code": "7e3e5b94-aa06-4926-a81f-49c420283d53", "guesttype": "reg", "desknumber": "-", "regnumber": "8009", "note": "none"}, {"name": "Tio Eddy Susetyo S", "alamat": "", "num_invited": "2", "city": "Surabaya", "code": "098aabed-9029-4677-862d-99173e4188eb", "guesttype": "reg", "desknumber": "-", "regnumber": "8010", "note": "none"}, {"name": "Awad M Wakid", "alamat": "", "num_invited": "2", "city": "Surabaya", "code": "72879833-4f35-45c2-9208-0068e299b76a", "guesttype": "reg", "desknumber": "-", "regnumber": "8011", "note": "none"}, {"name": "Stephani Mayasari", "alamat": "", "num_invited": "2", "city": "Surabaya", "code": "7beeb5af-4c54-488d-9522-677a2b816899", "guesttype": "reg", "desknumber": "-", "regnumber": "8012", "note": "none"}, {"name": "Yeremia Eclesia", "alamat": "", "num_invited": "2", "city": "Surabaya", "code": "dd144a00-aa77-43e6-a5aa-eb487b87a919", "guesttype": "reg", "desknumber": "-", "regnumber": "8013", "note": "none"}, {"name": "Endro / Amilah Julaikah", "alamat": "", "num_invited": "2", "city": "Sidoarjo", "code": "87832f3c-54ff-4226-a560-8458824f3334", "guesttype": "reg", "desknumber": "-", "regnumber": "8014", "note": "none"}, {"name": "Hery Purwanto", "alamat": "", "num_invited": "2", "city": "Surabaya", "code": "2c57bcce-9105-4828-9e35-94f857ebf8cc", "guesttype": "reg", "desknumber": "-", "regnumber": "8015", "note": "none"}, {"name": "Agus Haryanto", "alamat": "", "num_invited": "2", "city": "Probolinggo", "code": "0345c5dc-f703-4fdd-9046-5a1f39069a14", "guesttype": "reg", "desknumber": "-", "regnumber": "8016", "note": "none"}, {"name": "Eko Hadi Kuntarto/ Rizky Anhar", "alamat": "", "num_invited": "2", "city": "Surabaya", "code": "0a728499-1e35-4069-81f7-2aa79920db31", "guesttype": "reg", "desknumber": "-", "regnumber": "8017", "note": "none"}, {"name": "Jumny Gozaly", "alamat": "", "num_invited": "2", "city": "Surabaya", "code": "c775a485-9d4f-4f30-9c5f-eb559842e705", "guesttype": "reg", "desknumber": "-", "regnumber": "8018", "note": "none"}, {"name": "Johan", "alamat": "", "num_invited": "2", "city": "Surabaya", "code": "c0f21667-5d0d-4ade-b92b-3820970cd625", "guesttype": "reg", "desknumber": "-", "regnumber": "8019", "note": "none"}, {"name": "Ir Haryawan Sriyono", "alamat": "", "num_invited": "2", "city": "Surabaya", "code": "08b69ad4-4e61-4f5f-9888-19b8ec077ce4", "guesttype": "reg", "desknumber": "-", "regnumber": "8020", "note": "none"}, {"name": "Franky Suyanto", "alamat": "", "num_invited": "2", "city": "Surabaya", "code": "3687d670-ff04-43d6-b666-afb521581b4f", "guesttype": "reg", "desknumber": "-", "regnumber": "8021", "note": "none"}, {"name": "Stefanus Buddy", "alamat": "", "num_invited": "2", "city": "Surabaya", "code": "9c48e98c-6aeb-4a0e-ba15-8d64ae623745", "guesttype": "reg", "desknumber": "-", "regnumber": "8022", "note": "none"}, {"name": "Elisabeth Linawati", "alamat": "", "num_invited": "2", "city": "Surabaya", "code": "0819088d-9262-4d7e-9a7f-ea2250e0d63c", "guesttype": "reg", "desknumber": "-", "regnumber": "8023", "note": "none"}, {"name": "Basuki Hudiono", "alamat": "", "num_invited": "2", "city": "Surabaya", "code": "ae4259eb-8d8a-403b-b546-3d6efa6a07fd", "guesttype": "reg", "desknumber": "-", "regnumber": "8024", "note": "none"}, {"name": "Ir Karnadi", "alamat": "", "num_invited": "2", "city": "Surabaya", "code": "db016028-8421-42f0-9e1e-79f59365fb25", "guesttype": "reg", "desknumber": "-", "regnumber": "8025", "note": "none"}, {"name": "Maria Magdalena", "alamat": "", "num_invited": "2", "city": "Surabaya", "code": "1c6650dd-2876-4a82-a766-3b8f7da0020a", "guesttype": "reg", "desknumber": "-", "regnumber": "8026", "note": "none"}, {"name": "Hera Purnamasari", "alamat": "", "num_invited": "2", "city": "Surabaya", "code": "b6befde6-9db2-47e1-859b-ca38cdea9211", "guesttype": "reg", "desknumber": "-", "regnumber": "8027", "note": "none"}, {"name": "Andri Widodo", "alamat": "", "num_invited": "2", "city": "Surabaya", "code": "46a77137-0279-4bcc-846b-0a94f065147b", "guesttype": "reg", "desknumber": "-", "regnumber": "8028", "note": "none"}, {"name": "Mukimin Pawitan", "alamat": "", "num_invited": "2", "city": "Surabaya", "code": "f03a67c3-d871-4b44-8941-df3f29c17145", "guesttype": "reg", "desknumber": "-", "regnumber": "8029", "note": "none"}, {"name": "Sukardi", "alamat": "", "num_invited": "2", "city": "Surabaya", "code": "c4506484-cd44-4e57-ae54-c91f198d7d43", "guesttype": "reg", "desknumber": "-", "regnumber": "8030", "note": "none"}, {"name": "Indria Siktiawan", "alamat": "", "num_invited": "2", "city": "Surabaya", "code": "165d2a49-0797-43e3-8cef-33bce0a833a7", "guesttype": "reg", "desknumber": "-", "regnumber": "8031", "note": "none"}, {"name": "Meriana Sektiawan", "alamat": "", "num_invited": "2", "city": "Surabaya", "code": "de2cf9ac-99aa-4ef2-8261-7ef9d4782ffe", "guesttype": "reg", "desknumber": "-", "regnumber": "8032", "note": "none"}, {"name": "Tjiendra Siktiawan", "alamat": "", "num_invited": "2", "city": "Surabaya", "code": "91d03706-5b08-4404-bc62-ab2a611d41c5", "guesttype": "reg", "desknumber": "-", "regnumber": "8033", "note": "none"}, {"name": "Ferry Siktiawan", "alamat": "", "num_invited": "2", "city": "Surabaya", "code": "1d0ac6c4-5fea-4602-9ec2-202747ece4ba", "guesttype": "reg", "desknumber": "-", "regnumber": "8034", "note": "none"}, {"name": "Cahyo Wibisono", "alamat": "", "num_invited": "2", "city": "Surabaya", "code": "5d862632-3a39-4f89-b1ed-c3a32e304957", "guesttype": "reg", "desknumber": "-", "regnumber": "8035", "note": "none"}, {"name": "Surya Mulyanto", "alamat": "", "num_invited": "2", "city": "Surabaya", "code": "e49021ca-e6da-4780-ae82-d4c2c4e43eb9", "guesttype": "reg", "desknumber": "-", "regnumber": "8036", "note": "none"}, {"name": "Dr Irmawati", "alamat": "", "num_invited": "2", "city": "Surabaya", "code": "4f727feb-714e-424c-b487-acab78a7084d", "guesttype": "reg", "desknumber": "-", "regnumber": "8037", "note": "none"}, {"name": "Lao Bramphy Donald L", "alamat": "", "num_invited": "2", "city": "Surabaya", "code": "d54c3b78-f82f-417e-83ce-2cbfaa11e24a", "guesttype": "reg", "desknumber": "-", "regnumber": "8038", "note": "none"}, {"name": "Novia Herdy", "alamat": "", "num_invited": "2", "city": "Surabaya", "code": "7d9542b7-dfff-4bc3-92ed-85c59b52a1c7", "guesttype": "reg", "desknumber": "-", "regnumber": "8039", "note": "none"}, {"name": "Muhammad Faiz Burhani", "alamat": "", "num_invited": "2", "city": "Surabaya", "code": "6f39b889-5e6d-4335-a9d0-af9496d3333d", "guesttype": "reg", "desknumber": "-", "regnumber": "8040", "note": "none"}, {"name": "Tommy Margatanaka Putra", "alamat": "", "num_invited": "2", "city": "Madiun", "code": "9beed9a1-7d22-4604-acc0-ce03af574305", "guesttype": "reg", "desknumber": "-", "regnumber": "8041", "note": "none"}, {"name": "Gunawan Tanaga Putra", "alamat": "", "num_invited": "2", "city": "Bojonegoro", "code": "0ff110e4-5946-46c0-9361-164a056ab2e5", "guesttype": "reg", "desknumber": "-", "regnumber": "8042", "note": "none"}, {"name": "Hermiati / Hermandono", "alamat": "", "num_invited": "2", "city": "Surabaya", "code": "7f2f2302-cf8d-4124-b865-21bb73f64659", "guesttype": "reg", "desknumber": "-", "regnumber": "8043", "note": "none"}, {"name": "Muzzayyanah", "alamat": "", "num_invited": "2", "city": "Surabaya", "code": "d985e5d5-3492-45d8-ba6a-3beaab01047d", "guesttype": "reg", "desknumber": "-", "regnumber": "8044", "note": "none"}, {"name": "Hendro Kurniawan", "alamat": "", "num_invited": "2", "city": "Gresik", "code": "a53da939-5d92-47ed-b4ce-d396a2964a39", "guesttype": "reg", "desknumber": "-", "regnumber": "8045", "note": "none"}, {"name": "Wisnu Wibowo ST.", "alamat": "", "num_invited": "2", "city": "Surabaya", "code": "8e0b14eb-367f-439b-a3e2-d33fcfaf4ceb", "guesttype": "reg", "desknumber": "-", "regnumber": "8046", "note": "none"}, {"name": "Keluarga Bapak Yasin Malang", "alamat": "", "num_invited": "2", "city": "Malang", "code": "da579be9-bb14-4b7a-92e4-f80889f4a0c4", "guesttype": "reg", "desknumber": "-", "regnumber": "8047", "note": "none"}, {"name": "Keluarga Ibu Is Jakarta", "alamat": "", "num_invited": "2", "city": "Jakarta", "code": "89e38dff-bf36-4f64-a899-d8e294bcf144", "guesttype": "reg", "desknumber": "-", "regnumber": "8048", "note": "none"}, {"name": "Keluarga Ibu Nur Farida Malang", "alamat": "", "num_invited": "2", "city": "Malang", "code": "68a26e77-13b3-47a7-a58d-1b135489112f", "guesttype": "reg", "desknumber": "-", "regnumber": "8049", "note": "none"}, {"name": "Keluarga Ibu Luluk Malang", "alamat": "", "num_invited": "2", "city": "Malang", "code": "f3815e93-7f3d-49dc-8a91-7c11556e0867", "guesttype": "reg", "desknumber": "-", "regnumber": "8050", "note": "none"}, {"name": "Keluarga Ibu Giati Malang", "alamat": "", "num_invited": "2", "city": "Malang", "code": "a3d961e5-833a-4cd6-a929-fb0f6506b71c", "guesttype": "reg", "desknumber": "-", "regnumber": "8051", "note": "none"}, {"name": "Ester Mulia", "alamat": "", "num_invited": "2", "city": "Surabaya", "code": "8f8efa07-3fac-44fa-9ab7-81d8a8cf705d", "guesttype": "reg", "desknumber": "-", "regnumber": "8052", "note": "none"}, {"name": "Ariska Yuliana", "alamat": "", "num_invited": "2", "city": "Surabaya", "code": "4a14ea56-d41d-4bfb-9b24-00a4ab3a1138", "guesttype": "reg", "desknumber": "-", "regnumber": "8053", "note": "none"}, {"name": "Angelianggie", "alamat": "", "num_invited": "2", "city": "Surabaya", "code": "6e1ef7b4-40a7-4e7b-91b2-d8450f936193", "guesttype": "reg", "desknumber": "-", "regnumber": "8054", "note": "none"}, {"name": "Rizki Dewi", "alamat": "", "num_invited": "2", "city": "Surabaya", "code": "aea0ff3f-7615-45a4-8d77-c250bc2e1689", "guesttype": "reg", "desknumber": "-", "regnumber": "8055", "note": "none"}, {"name": "Ellen", "alamat": "", "num_invited": "2", "city": "Surabaya", "code": "4ef8a8e7-8cc7-4dc6-8d40-fdf759f1b054", "guesttype": "reg", "desknumber": "-", "regnumber": "8056", "note": "none"}, {"name": "Vindydias", "alamat": "", "num_invited": "2", "city": "Surabaya", "code": "538531df-df04-4107-80d1-da46835ac536", "guesttype": "reg", "desknumber": "-", "regnumber": "8057", "note": "none"}, {"name": "Dian HI Unair", "alamat": "", "num_invited": "2", "city": "Surabaya", "code": "433cd342-0a95-4a67-ac1d-ba8e584ca989", "guesttype": "reg", "desknumber": "-", "regnumber": "8058", "note": "none"}, {"name": "Rizky Putra Ramadhan", "alamat": "", "num_invited": "2", "city": "Surabaya", "code": "a2315378-6bcd-477c-a650-2547b3af05b2", "guesttype": "reg", "desknumber": "-", "regnumber": "8059", "note": "none"}, {"name": "Akbar Takjor", "alamat": "", "num_invited": "2", "city": "Surabaya", "code": "6924b571-054d-4c01-8315-c2b68ce48f8c", "guesttype": "reg", "desknumber": "-", "regnumber": "8060", "note": "none"}, {"name": "Dinda Ayu Agustin", "alamat": "", "num_invited": "2", "city": "Surabaya", "code": "91a222c4-de96-4332-9e1f-1693550eefcf", "guesttype": "reg", "desknumber": "-", "regnumber": "8061", "note": "none"}, {"name": "Chindy Permata", "alamat": "", "num_invited": "2", "city": "Surabaya", "code": "966fde0c-7d0b-45c8-8ce8-7f003989d8a1", "guesttype": "reg", "desknumber": "-", "regnumber": "8062", "note": "none"}, {"name": "Bintang", "alamat": "", "num_invited": "2", "city": "Surabaya", "code": "f00c02a0-372c-438d-adde-d6467dd10dc9", "guesttype": "reg", "desknumber": "-", "regnumber": "8063", "note": "none"}, {"name": "Yosefin", "alamat": "", "num_invited": "2", "city": "Surabaya", "code": "505bff41-a901-4fdc-833c-8c961081f066", "guesttype": "reg", "desknumber": "-", "regnumber": "8064", "note": "none"}, {"name": "Jeremy Saudele HI Unair", "alamat": "", "num_invited": "2", "city": "Surabaya", "code": "4cc146f2-5467-4cd7-b5d7-014473eefcae", "guesttype": "reg", "desknumber": "-", "regnumber": "8065", "note": "none"}, {"name": "Whidiyana", "alamat": "", "num_invited": "2", "city": "Surabaya", "code": "7d494423-6564-4d8f-8b83-86427ec49227", "guesttype": "reg", "desknumber": "-", "regnumber": "8066", "note": "none"}, {"name": "Novita Darwis", "alamat": "", "num_invited": "2", "city": "Surabaya", "code": "cd58e5db-f2af-4c45-a74b-df58a3ee74e1", "guesttype": "reg", "desknumber": "-", "regnumber": "8067", "note": "none"}, {"name": "Ronaldo HI UNAIR", "alamat": "", "num_invited": "2", "city": "Surabaya", "code": "bd1b3442-43d1-4bb3-a91c-2de1ad639250", "guesttype": "reg", "desknumber": "-", "regnumber": "8068", "note": "none"}, {"name": "Diva Kirana", "alamat": "", "num_invited": "2", "city": "Surabaya", "code": "543274f5-fa13-4ea0-9440-5b8fec233e55", "guesttype": "reg", "desknumber": "-", "regnumber": "8069", "note": "none"}, {"name": "Ariska Yuliana", "alamat": "", "num_invited": "2", "city": "Surabaya", "code": "c1601397-c2c7-49a7-93c6-a571750e0479", "guesttype": "reg", "desknumber": "-", "regnumber": "8070", "note": "none"}, {"name": "Shinta", "alamat": "", "num_invited": "2", "city": "Surabaya", "code": "d29f13cb-7ee8-40ac-b0bb-ce5e3e28e2ce", "guesttype": "reg", "desknumber": "-", "regnumber": "8071", "note": "none"}, {"name": "Irvin", "alamat": "", "num_invited": "2", "city": "Surabaya", "code": "f91da73c-483f-48be-af20-b2dc43990ca9", "guesttype": "reg", "desknumber": "-", "regnumber": "8072", "note": "none"}, {"name": "Ario Putra", "alamat": "", "num_invited": "2", "city": "Surabaya", "code": "b2b14d3b-fcc3-4d79-b373-0c5933614a9e", "guesttype": "reg", "desknumber": "-", "regnumber": "8073", "note": "none"}, {"name": "Ari Kuyik", "alamat": "", "num_invited": "2", "city": "Surabaya", "code": "83a2f0bc-65f4-4aaf-af01-2166c12a45b3", "guesttype": "reg", "desknumber": "-", "regnumber": "8074", "note": "none"}, {"name": "Harjo", "alamat": "", "num_invited": "2", "city": "Surabaya", "code": "4948577d-93c1-486a-925d-870e164cb19f", "guesttype": "reg", "desknumber": "-", "regnumber": "8075", "note": "none"}, {"name": "Eka Novava", "alamat": "", "num_invited": "2", "city": "", "code": "6dd79285-fba4-458a-979e-b89a9802e6b5", "guesttype": "reg", "desknumber": "-", "regnumber": "2279", "note": "none"}, {"name": "Bagus Banjarmasin", "alamat": "", "num_invited": "2", "city": "", "code": "48491eff-f579-4119-bfcf-3be27c7c0897", "guesttype": "reg", "desknumber": "-", "regnumber": "2280", "note": "none"}, {"name": "Ibu Yesi  Indo-Theseng", "alamat": "", "num_invited": "2", "city": "", "code": "2df0beae-9872-4e81-8718-56011213bca8", "guesttype": "reg", "desknumber": "-", "regnumber": "2281", "note": "none"}, {"name": "Ibu Wulan Indo-Theseng", "alamat": "", "num_invited": "2", "city": "", "code": "5e29a210-33c7-47a2-9b6c-87df14199378", "guesttype": "reg", "desknumber": "-", "regnumber": "2282", "note": "none"}, {"name": "Ibu Ira  Indo-Theseng", "alamat": "", "num_invited": "2", "city": "", "code": "66a4a3ea-2df0-427a-8e9c-53fce39f94da", "guesttype": "reg", "desknumber": "-", "regnumber": "2283", "note": "none"}, {"name": "Ibu Citra  Indo-Theseng", "alamat": "", "num_invited": "2", "city": "", "code": "316c2f09-c56b-4ecf-8b36-5111b4f190a9", "guesttype": "reg", "desknumber": "-", "regnumber": "2284", "note": "none"}, {"name": "Ibu SIh  Indo-Theseng", "alamat": "", "num_invited": "2", "city": "", "code": "7ad825b5-8797-47d9-86ce-13ae2653fe4d", "guesttype": "reg", "desknumber": "-", "regnumber": "2285", "note": "none"}, {"name": "Bapak Rofiq -  Indo-Theseng", "alamat": "", "num_invited": "2", "city": "", "code": "cae8cb69-cc98-4255-81ee-44606f97723e", "guesttype": "reg", "desknumber": "-", "regnumber": "2286", "note": "none"}, {"name": "Ibu Rina - Notaris", "alamat": "", "num_invited": "2", "city": "", "code": "8dec7ca2-1067-450c-aa35-d4e61faf90fe", "guesttype": "reg", "desknumber": "-", "regnumber": "2287", "note": "none"}, {"name": "Vebya", "alamat": "", "num_invited": "", "city": "Surabaya", "code": "21e99678-ef11-476a-885c-0fa4cd1774cd", "guesttype": "reg", "desknumber": "-", "regnumber": "8076", "note": "none"}, {"name": "Arya", "alamat": "", "num_invited": "", "city": "Surabaya", "code": "daddf09c-b4d9-4137-87d6-6a642601493c", "guesttype": "reg", "desknumber": "-", "regnumber": "8077", "note": "none"}, {"name": "Ajeng", "alamat": "", "num_invited": "", "city": "Surabaya", "code": "e89d2918-50a1-4bb2-991f-5fff7f67ee3c", "guesttype": "reg", "desknumber": "-", "regnumber": "8078", "note": "none"}, {"name": "Valen", "alamat": "", "num_invited": "", "city": "Surabaya", "code": "ab9a826d-eaf8-41bc-8f0f-c2440510ed14", "guesttype": "reg", "desknumber": "-", "regnumber": "8079", "note": "none"}, {"name": "Devi", "alamat": "", "num_invited": "", "city": "Surabaya", "code": "e417a417-4ca9-4c3e-936b-2da3d4c81e04", "guesttype": "reg", "desknumber": "-", "regnumber": "8080", "note": "none"}, {"name": "Putra Ammal", "alamat": "", "num_invited": "", "city": "Surabaya", "code": "844ed2c6-211d-453c-9a74-19c1635c4b68", "guesttype": "reg", "desknumber": "-", "regnumber": "8081", "note": "none"}, {"name": "Dita", "alamat": "", "num_invited": "", "city": "Surabaya", "code": "f4b09ab1-bdc2-4477-b597-4c2b566df8e8", "guesttype": "reg", "desknumber": "-", "regnumber": "8082", "note": "none"}, {"name": "Cycil", "alamat": "", "num_invited": "", "city": "Surabaya", "code": "08cccaf7-be68-400c-826c-feb62d702490", "guesttype": "reg", "desknumber": "-", "regnumber": "8083", "note": "none"}]