[{"name": "Nesya", "alamat": "", "num_invited": "2", "city": "Surabaya", "code": "4a5c2932-497d-496f-b1cd-c790a6a75247", "guesttype": "reg", "desknumber": "-", "regnumber": "7001", "note": "none"}, {"name": "Rahajeng", "alamat": "", "num_invited": "2", "city": "Surabaya", "code": "770ff3c6-0c80-4e8b-831d-4e34a2151ea2", "guesttype": "reg", "desknumber": "-", "regnumber": "7002", "note": "none"}, {"name": "Wika", "alamat": "", "num_invited": "2", "city": "Surabaya", "code": "61e72b02-0f3e-4969-bbcd-0136b30ae2ae", "guesttype": "reg", "desknumber": "-", "regnumber": "7003", "note": "none"}, {"name": "Diva", "alamat": "", "num_invited": "2", "city": "Surabaya", "code": "7e6ee4a6-1640-458e-bc4f-22674fe30988", "guesttype": "reg", "desknumber": "-", "regnumber": "7004", "note": "none"}, {"name": "Febby", "alamat": "", "num_invited": "2", "city": "Surabaya", "code": "9a261e1b-b366-4634-ae9f-ece274048c71", "guesttype": "reg", "desknumber": "-", "regnumber": "7005", "note": "none"}]