name,alamat,num_invited,city,code,guesttype,desknumber,regnumber,note
,,,,7d6e1cd7-0564-4cdf-98f6-5b3668a747b4,reg,-,9001,none
,,,,90dfe256-b51c-4e04-9d1e-d057834c9458,reg,-,9002,none
,,,,98da63cd-c27c-4dfc-9339-39caa1fd2124,reg,-,9003,none
,,,,1aed0d9d-19f4-43b8-bb7a-13ad1f07756e,reg,-,9004,none
,,,,ec29f4de-f693-4197-be94-d354a25a64b4,reg,-,9005,none
,,,,5b1438ae-8c09-4a40-8aa4-b0d4c3915805,reg,-,9006,none
,,,,fcdc1e13-f843-4698-b113-69f9bd653874,reg,-,9007,none
,,,,86cdfc62-5824-4319-b6f1-b1f20ca161e6,reg,-,9008,none
,,,,2d4b862c-ce4a-49f0-a764-0177bff57fcf,reg,-,9009,none
,,,,2f971fa0-3f9a-4b4f-92af-ca62b6a85c2f,reg,-,9010,none
,,,,cf489b83-bc33-4206-82c5-034d33279a57,reg,-,9011,none
,,,,ff6427f1-7da7-4482-8eec-ee993f8a67b9,reg,-,9012,none
,,,,1317accf-b65f-4a29-aa52-84c572ef0639,reg,-,9013,none
,,,,c4eb4938-9c8e-4459-9077-ede9a2f98bae,reg,-,9014,none
,,,,c6d2993e-a1ad-46f2-9bd9-968e3971e8df,reg,-,9015,none
,,,,20476e22-785b-4dce-9e9c-4407461a52ec,reg,-,9016,none
,,,,41651068-1a87-42d6-9d48-419156a158dc,reg,-,9017,none
,,,,4bf32815-3a2e-4fa8-9166-e681805b79f1,reg,-,9018,none
,,,,fb6b15fa-7245-4ec1-b789-f4c5a49e3ecf,reg,-,9019,none
,,,,4f9cb631-d5b6-47a1-a595-288fedce2da8,reg,-,9020,none
,,,,e5796634-4396-460b-b307-68f6fdd19636,reg,-,9021,none
,,,,5a3fe1dc-84a9-4c93-8437-f6c41888149e,reg,-,9022,none
,,,,07e49423-7389-41b8-827c-c2ac22102041,reg,-,9023,none
,,,,364dc797-11d8-45f0-bcdb-c9ab8e6bde41,reg,-,9024,none
,,,,892f8627-0e41-4545-a1f6-0937c2bb05e0,reg,-,9025,none
,,,,f6261b1b-2f8a-4ee8-9c33-fd3f5dc2349c,reg,-,9026,none
,,,,11b50f6b-d11e-47be-9454-4ecb7f146c0f,reg,-,9027,none
,,,,95a4d958-2df9-476a-aced-15be7f80352e,reg,-,9028,none
,,,,d0eab48a-6e5f-48b0-bec6-ce45c0602f8f,reg,-,9029,none
,,,,a5cddb75-f73f-467d-918c-8f0fa6fe2f39,reg,-,9030,none
,,,,1d9aa4fe-8bca-402d-9878-4d9cfe54be80,reg,-,9031,none
,,,,ab9c8986-4130-4322-9e16-eaed72c32c62,reg,-,9032,none
,,,,081f0959-9549-44cc-89f3-e138fa9781d9,reg,-,9033,none
,,,,8a625bc9-473f-4d1d-b2b2-d6974e43d66c,reg,-,9034,none
,,,,ed7a5045-7f21-4983-9ec4-e3eb4ccb6302,reg,-,9035,none
,,,,bd90795a-632d-4527-8cdf-54ef534e5ab0,reg,-,9036,none
,,,,f27a8867-84c5-422f-82f6-6dcfb9af274a,reg,-,9037,none
,,,,da2f4dc0-3fa8-4dd5-bad5-9ac3f65732d7,reg,-,9038,none
,,,,3ce2690d-bc7d-4edc-84e3-85434de96c8b,reg,-,9039,none
,,,,079abf99-2e11-411f-abc1-8fbbe6fa3eb7,reg,-,9040,none
,,,,57d73040-cc58-484a-824d-354e80483d15,reg,-,9041,none
,,,,df260297-7758-45de-bf70-37827a59c1a5,reg,-,9042,none
,,,,421bb26e-cdac-49f6-b602-604ec7e5c678,reg,-,9043,none
,,,,6b75b5cb-0bca-4442-ab56-a3da9d516004,reg,-,9044,none
,,,,8ac17c6c-5a55-4555-962e-5255c18bce9f,reg,-,9045,none
,,,,bdf0f2f6-e172-436e-ab95-c4eed4565f50,reg,-,9046,none
,,,,6092833d-b503-448d-8df0-c7ac650f7675,reg,-,9047,none
,,,,a0cde7dc-5aa8-46c7-9c44-4dd2fee80c93,reg,-,9048,none
,,,,dc1b59f1-bce4-4df4-a494-ad6681ec8012,reg,-,9049,none
,,,,1230798f-5f2f-41b5-8324-f7ba7321795e,reg,-,9050,none
,,,,c44b708f-5ec3-464c-9085-2b121fc709aa,reg,-,9051,none
,,,,68350f00-f485-4a8b-86ae-a9297be4dbe9,reg,-,9052,none
,,,,1ae4540c-c431-4896-bda0-66bd28dccc08,reg,-,9053,none
,,,,2d5988eb-01b1-45ba-a344-40def49fe8c2,reg,-,9054,none
,,,,abf631a1-f1a3-46b2-a486-99e7145d721b,reg,-,9055,none
,,,,8df6d360-ba21-4e70-9a7f-ac74c3ae529b,reg,-,9056,none
,,,,9541f304-21e7-4a44-973d-214aae3330ac,reg,-,9057,none
,,,,7f6b457e-6672-4983-92e4-6ec14f08a510,reg,-,9058,none
,,,,017973fd-e2b2-4ce8-9033-4c082e0dea48,reg,-,9059,none
,,,,d9f44753-853a-4c44-b6e4-1c9443b031ab,reg,-,9060,none
,,,,871f4c48-2f51-4608-aff3-8b0286e2cb63,reg,-,9061,none
,,,,fe4b0715-b394-4e47-92a7-1b1aff6f530d,reg,-,9062,none
,,,,abeabef9-cc70-4579-9244-abb8220e6c5b,reg,-,9063,none
,,,,a5cea45e-a329-4e73-81d3-1fa21327dad2,reg,-,9064,none
,,,,41289c59-d842-414c-ad92-33fcb0b81505,reg,-,9065,none
,,,,50bc0ea4-8a15-482a-b1b1-62e297361b6b,reg,-,9066,none
,,,,1bd0a6ea-98f7-402f-9338-83bf1c149946,reg,-,9067,none
,,,,35126bb5-d219-4fe3-9717-7f05024e64c3,reg,-,9068,none
,,,,87c18cbb-c975-48aa-a657-2d0ed42292da,reg,-,9069,none
,,,,82c3d46d-6179-4ea3-96fd-11eec9b800ef,reg,-,9070,none
,,,,e5921366-c992-4d98-84ef-7da6d761247b,reg,-,9071,none
,,,,ee8d4c4d-c72c-42be-b380-8ddc8bf0d530,reg,-,9072,none
,,,,34ceac6b-b703-4ae0-9562-3989f350ebc5,reg,-,9073,none
,,,,0cc0ed6c-6af0-4703-87a7-419f38cfe579,reg,-,9074,none
,,,,770ee047-6778-4a2e-87f4-807b3ecc6e61,reg,-,9075,none
,,,,ee639c09-6758-42eb-b2cc-62dd314931df,reg,-,9076,none
,,,,34672983-4c3f-4de2-93d3-835faf028e2e,reg,-,9077,none
,,,,1a434271-f2fc-433b-a799-3dfc3804b516,reg,-,9078,none
,,,,ae47ec4f-89d1-4a6a-99ec-8e4f772de2eb,reg,-,9079,none
,,,,f9466a1e-ce42-4c4c-9bbd-755404c47809,reg,-,9080,none
,,,,b76a4211-f687-42b0-9b1f-aa05696894bc,reg,-,9081,none
,,,,662cf820-d918-4a2b-83f5-977f874713d1,reg,-,9082,none
,,,,d85713a9-913f-4b9c-8604-7b14fb05207d,reg,-,9083,none
,,,,655b37e3-bc4b-4c51-8984-06578bb62e5e,reg,-,9084,none
,,,,ecdcf293-8101-4541-96f9-1424451b1b95,reg,-,9085,none
,,,,2ab0668e-8581-4376-bce3-10d5f1525f5f,reg,-,9086,none
,,,,21e4db76-0841-4d2a-8f6d-b07e6a60123d,reg,-,9087,none
,,,,c5c8a2b4-98f5-4ddc-ab3a-9e7d5a3e7a01,reg,-,9088,none
,,,,3c29b162-972b-4d8e-a0e5-ec2c2772a928,reg,-,9089,none
,,,,d4b6ceec-78d1-4c88-b634-d5871e4dc9e5,reg,-,9090,none
,,,,52dad7eb-bdf5-4760-9dd0-1c2e2cb12358,reg,-,9091,none
,,,,a6f97950-00c7-451f-812b-32c55946a279,reg,-,9092,none
,,,,d4ab7173-9e54-49ac-8029-4fb6fc839dc4,reg,-,9093,none
,,,,a7582dec-def9-40c5-84a2-88780761f012,reg,-,9094,none
,,,,6af90d76-30ff-4b35-93a0-2e0bbe31fe80,reg,-,9095,none
,,,,5224fecb-e7c6-4210-bb8e-7dce0b78bcf8,reg,-,9096,none
,,,,cf3f6a10-108c-44cc-9fea-1ba7de2eb349,reg,-,9097,none
,,,,3ad07800-f903-48ba-a5b9-5026cf5e54cf,reg,-,9098,none
,,,,042ef3ba-9354-4345-94ee-df7c2ccd0b56,reg,-,9099,none
,,,,a399e19c-0c5a-4314-851a-79a6ce7d4dbb,reg,-,9100,none
