[{"name": "", "alamat": "", "num_invited": "", "city": "", "code": "7d6e1cd7-0564-4cdf-98f6-5b3668a747b4", "guesttype": "reg", "desknumber": "-", "regnumber": "9001", "note": "none"}, {"name": "", "alamat": "", "num_invited": "", "city": "", "code": "90dfe256-b51c-4e04-9d1e-d057834c9458", "guesttype": "reg", "desknumber": "-", "regnumber": "9002", "note": "none"}, {"name": "", "alamat": "", "num_invited": "", "city": "", "code": "98da63cd-c27c-4dfc-9339-39caa1fd2124", "guesttype": "reg", "desknumber": "-", "regnumber": "9003", "note": "none"}, {"name": "", "alamat": "", "num_invited": "", "city": "", "code": "1aed0d9d-19f4-43b8-bb7a-13ad1f07756e", "guesttype": "reg", "desknumber": "-", "regnumber": "9004", "note": "none"}, {"name": "", "alamat": "", "num_invited": "", "city": "", "code": "ec29f4de-f693-4197-be94-d354a25a64b4", "guesttype": "reg", "desknumber": "-", "regnumber": "9005", "note": "none"}, {"name": "", "alamat": "", "num_invited": "", "city": "", "code": "5b1438ae-8c09-4a40-8aa4-b0d4c3915805", "guesttype": "reg", "desknumber": "-", "regnumber": "9006", "note": "none"}, {"name": "", "alamat": "", "num_invited": "", "city": "", "code": "fcdc1e13-f843-4698-b113-69f9bd653874", "guesttype": "reg", "desknumber": "-", "regnumber": "9007", "note": "none"}, {"name": "", "alamat": "", "num_invited": "", "city": "", "code": "86cdfc62-5824-4319-b6f1-b1f20ca161e6", "guesttype": "reg", "desknumber": "-", "regnumber": "9008", "note": "none"}, {"name": "", "alamat": "", "num_invited": "", "city": "", "code": "2d4b862c-ce4a-49f0-a764-0177bff57fcf", "guesttype": "reg", "desknumber": "-", "regnumber": "9009", "note": "none"}, {"name": "", "alamat": "", "num_invited": "", "city": "", "code": "2f971fa0-3f9a-4b4f-92af-ca62b6a85c2f", "guesttype": "reg", "desknumber": "-", "regnumber": "9010", "note": "none"}, {"name": "", "alamat": "", "num_invited": "", "city": "", "code": "cf489b83-bc33-4206-82c5-034d33279a57", "guesttype": "reg", "desknumber": "-", "regnumber": "9011", "note": "none"}, {"name": "", "alamat": "", "num_invited": "", "city": "", "code": "ff6427f1-7da7-4482-8eec-ee993f8a67b9", "guesttype": "reg", "desknumber": "-", "regnumber": "9012", "note": "none"}, {"name": "", "alamat": "", "num_invited": "", "city": "", "code": "1317accf-b65f-4a29-aa52-84c572ef0639", "guesttype": "reg", "desknumber": "-", "regnumber": "9013", "note": "none"}, {"name": "", "alamat": "", "num_invited": "", "city": "", "code": "c4eb4938-9c8e-4459-9077-ede9a2f98bae", "guesttype": "reg", "desknumber": "-", "regnumber": "9014", "note": "none"}, {"name": "", "alamat": "", "num_invited": "", "city": "", "code": "c6d2993e-a1ad-46f2-9bd9-968e3971e8df", "guesttype": "reg", "desknumber": "-", "regnumber": "9015", "note": "none"}, {"name": "", "alamat": "", "num_invited": "", "city": "", "code": "20476e22-785b-4dce-9e9c-4407461a52ec", "guesttype": "reg", "desknumber": "-", "regnumber": "9016", "note": "none"}, {"name": "", "alamat": "", "num_invited": "", "city": "", "code": "41651068-1a87-42d6-9d48-419156a158dc", "guesttype": "reg", "desknumber": "-", "regnumber": "9017", "note": "none"}, {"name": "", "alamat": "", "num_invited": "", "city": "", "code": "4bf32815-3a2e-4fa8-9166-e681805b79f1", "guesttype": "reg", "desknumber": "-", "regnumber": "9018", "note": "none"}, {"name": "", "alamat": "", "num_invited": "", "city": "", "code": "fb6b15fa-7245-4ec1-b789-f4c5a49e3ecf", "guesttype": "reg", "desknumber": "-", "regnumber": "9019", "note": "none"}, {"name": "", "alamat": "", "num_invited": "", "city": "", "code": "4f9cb631-d5b6-47a1-a595-288fedce2da8", "guesttype": "reg", "desknumber": "-", "regnumber": "9020", "note": "none"}, {"name": "", "alamat": "", "num_invited": "", "city": "", "code": "e5796634-4396-460b-b307-68f6fdd19636", "guesttype": "reg", "desknumber": "-", "regnumber": "9021", "note": "none"}, {"name": "", "alamat": "", "num_invited": "", "city": "", "code": "5a3fe1dc-84a9-4c93-8437-f6c41888149e", "guesttype": "reg", "desknumber": "-", "regnumber": "9022", "note": "none"}, {"name": "", "alamat": "", "num_invited": "", "city": "", "code": "07e49423-7389-41b8-827c-c2ac22102041", "guesttype": "reg", "desknumber": "-", "regnumber": "9023", "note": "none"}, {"name": "", "alamat": "", "num_invited": "", "city": "", "code": "364dc797-11d8-45f0-bcdb-c9ab8e6bde41", "guesttype": "reg", "desknumber": "-", "regnumber": "9024", "note": "none"}, {"name": "", "alamat": "", "num_invited": "", "city": "", "code": "892f8627-0e41-4545-a1f6-0937c2bb05e0", "guesttype": "reg", "desknumber": "-", "regnumber": "9025", "note": "none"}, {"name": "", "alamat": "", "num_invited": "", "city": "", "code": "f6261b1b-2f8a-4ee8-9c33-fd3f5dc2349c", "guesttype": "reg", "desknumber": "-", "regnumber": "9026", "note": "none"}, {"name": "", "alamat": "", "num_invited": "", "city": "", "code": "11b50f6b-d11e-47be-9454-4ecb7f146c0f", "guesttype": "reg", "desknumber": "-", "regnumber": "9027", "note": "none"}, {"name": "", "alamat": "", "num_invited": "", "city": "", "code": "95a4d958-2df9-476a-aced-15be7f80352e", "guesttype": "reg", "desknumber": "-", "regnumber": "9028", "note": "none"}, {"name": "", "alamat": "", "num_invited": "", "city": "", "code": "d0eab48a-6e5f-48b0-bec6-ce45c0602f8f", "guesttype": "reg", "desknumber": "-", "regnumber": "9029", "note": "none"}, {"name": "", "alamat": "", "num_invited": "", "city": "", "code": "a5cddb75-f73f-467d-918c-8f0fa6fe2f39", "guesttype": "reg", "desknumber": "-", "regnumber": "9030", "note": "none"}, {"name": "", "alamat": "", "num_invited": "", "city": "", "code": "1d9aa4fe-8bca-402d-9878-4d9cfe54be80", "guesttype": "reg", "desknumber": "-", "regnumber": "9031", "note": "none"}, {"name": "", "alamat": "", "num_invited": "", "city": "", "code": "ab9c8986-4130-4322-9e16-eaed72c32c62", "guesttype": "reg", "desknumber": "-", "regnumber": "9032", "note": "none"}, {"name": "", "alamat": "", "num_invited": "", "city": "", "code": "081f0959-9549-44cc-89f3-e138fa9781d9", "guesttype": "reg", "desknumber": "-", "regnumber": "9033", "note": "none"}, {"name": "", "alamat": "", "num_invited": "", "city": "", "code": "8a625bc9-473f-4d1d-b2b2-d6974e43d66c", "guesttype": "reg", "desknumber": "-", "regnumber": "9034", "note": "none"}, {"name": "", "alamat": "", "num_invited": "", "city": "", "code": "ed7a5045-7f21-4983-9ec4-e3eb4ccb6302", "guesttype": "reg", "desknumber": "-", "regnumber": "9035", "note": "none"}, {"name": "", "alamat": "", "num_invited": "", "city": "", "code": "bd90795a-632d-4527-8cdf-54ef534e5ab0", "guesttype": "reg", "desknumber": "-", "regnumber": "9036", "note": "none"}, {"name": "", "alamat": "", "num_invited": "", "city": "", "code": "f27a8867-84c5-422f-82f6-6dcfb9af274a", "guesttype": "reg", "desknumber": "-", "regnumber": "9037", "note": "none"}, {"name": "", "alamat": "", "num_invited": "", "city": "", "code": "da2f4dc0-3fa8-4dd5-bad5-9ac3f65732d7", "guesttype": "reg", "desknumber": "-", "regnumber": "9038", "note": "none"}, {"name": "", "alamat": "", "num_invited": "", "city": "", "code": "3ce2690d-bc7d-4edc-84e3-85434de96c8b", "guesttype": "reg", "desknumber": "-", "regnumber": "9039", "note": "none"}, {"name": "", "alamat": "", "num_invited": "", "city": "", "code": "079abf99-2e11-411f-abc1-8fbbe6fa3eb7", "guesttype": "reg", "desknumber": "-", "regnumber": "9040", "note": "none"}, {"name": "", "alamat": "", "num_invited": "", "city": "", "code": "57d73040-cc58-484a-824d-354e80483d15", "guesttype": "reg", "desknumber": "-", "regnumber": "9041", "note": "none"}, {"name": "", "alamat": "", "num_invited": "", "city": "", "code": "df260297-7758-45de-bf70-37827a59c1a5", "guesttype": "reg", "desknumber": "-", "regnumber": "9042", "note": "none"}, {"name": "", "alamat": "", "num_invited": "", "city": "", "code": "421bb26e-cdac-49f6-b602-604ec7e5c678", "guesttype": "reg", "desknumber": "-", "regnumber": "9043", "note": "none"}, {"name": "", "alamat": "", "num_invited": "", "city": "", "code": "6b75b5cb-0bca-4442-ab56-a3da9d516004", "guesttype": "reg", "desknumber": "-", "regnumber": "9044", "note": "none"}, {"name": "", "alamat": "", "num_invited": "", "city": "", "code": "8ac17c6c-5a55-4555-962e-5255c18bce9f", "guesttype": "reg", "desknumber": "-", "regnumber": "9045", "note": "none"}, {"name": "", "alamat": "", "num_invited": "", "city": "", "code": "bdf0f2f6-e172-436e-ab95-c4eed4565f50", "guesttype": "reg", "desknumber": "-", "regnumber": "9046", "note": "none"}, {"name": "", "alamat": "", "num_invited": "", "city": "", "code": "6092833d-b503-448d-8df0-c7ac650f7675", "guesttype": "reg", "desknumber": "-", "regnumber": "9047", "note": "none"}, {"name": "", "alamat": "", "num_invited": "", "city": "", "code": "a0cde7dc-5aa8-46c7-9c44-4dd2fee80c93", "guesttype": "reg", "desknumber": "-", "regnumber": "9048", "note": "none"}, {"name": "", "alamat": "", "num_invited": "", "city": "", "code": "dc1b59f1-bce4-4df4-a494-ad6681ec8012", "guesttype": "reg", "desknumber": "-", "regnumber": "9049", "note": "none"}, {"name": "", "alamat": "", "num_invited": "", "city": "", "code": "1230798f-5f2f-41b5-8324-f7ba7321795e", "guesttype": "reg", "desknumber": "-", "regnumber": "9050", "note": "none"}, {"name": "", "alamat": "", "num_invited": "", "city": "", "code": "c44b708f-5ec3-464c-9085-2b121fc709aa", "guesttype": "reg", "desknumber": "-", "regnumber": "9051", "note": "none"}, {"name": "", "alamat": "", "num_invited": "", "city": "", "code": "68350f00-f485-4a8b-86ae-a9297be4dbe9", "guesttype": "reg", "desknumber": "-", "regnumber": "9052", "note": "none"}, {"name": "", "alamat": "", "num_invited": "", "city": "", "code": "1ae4540c-c431-4896-bda0-66bd28dccc08", "guesttype": "reg", "desknumber": "-", "regnumber": "9053", "note": "none"}, {"name": "", "alamat": "", "num_invited": "", "city": "", "code": "2d5988eb-01b1-45ba-a344-40def49fe8c2", "guesttype": "reg", "desknumber": "-", "regnumber": "9054", "note": "none"}, {"name": "", "alamat": "", "num_invited": "", "city": "", "code": "abf631a1-f1a3-46b2-a486-99e7145d721b", "guesttype": "reg", "desknumber": "-", "regnumber": "9055", "note": "none"}, {"name": "", "alamat": "", "num_invited": "", "city": "", "code": "8df6d360-ba21-4e70-9a7f-ac74c3ae529b", "guesttype": "reg", "desknumber": "-", "regnumber": "9056", "note": "none"}, {"name": "", "alamat": "", "num_invited": "", "city": "", "code": "9541f304-21e7-4a44-973d-214aae3330ac", "guesttype": "reg", "desknumber": "-", "regnumber": "9057", "note": "none"}, {"name": "", "alamat": "", "num_invited": "", "city": "", "code": "7f6b457e-6672-4983-92e4-6ec14f08a510", "guesttype": "reg", "desknumber": "-", "regnumber": "9058", "note": "none"}, {"name": "", "alamat": "", "num_invited": "", "city": "", "code": "017973fd-e2b2-4ce8-9033-4c082e0dea48", "guesttype": "reg", "desknumber": "-", "regnumber": "9059", "note": "none"}, {"name": "", "alamat": "", "num_invited": "", "city": "", "code": "d9f44753-853a-4c44-b6e4-1c9443b031ab", "guesttype": "reg", "desknumber": "-", "regnumber": "9060", "note": "none"}, {"name": "", "alamat": "", "num_invited": "", "city": "", "code": "871f4c48-2f51-4608-aff3-8b0286e2cb63", "guesttype": "reg", "desknumber": "-", "regnumber": "9061", "note": "none"}, {"name": "", "alamat": "", "num_invited": "", "city": "", "code": "fe4b0715-b394-4e47-92a7-1b1aff6f530d", "guesttype": "reg", "desknumber": "-", "regnumber": "9062", "note": "none"}, {"name": "", "alamat": "", "num_invited": "", "city": "", "code": "abeabef9-cc70-4579-9244-abb8220e6c5b", "guesttype": "reg", "desknumber": "-", "regnumber": "9063", "note": "none"}, {"name": "", "alamat": "", "num_invited": "", "city": "", "code": "a5cea45e-a329-4e73-81d3-1fa21327dad2", "guesttype": "reg", "desknumber": "-", "regnumber": "9064", "note": "none"}, {"name": "", "alamat": "", "num_invited": "", "city": "", "code": "41289c59-d842-414c-ad92-33fcb0b81505", "guesttype": "reg", "desknumber": "-", "regnumber": "9065", "note": "none"}, {"name": "", "alamat": "", "num_invited": "", "city": "", "code": "50bc0ea4-8a15-482a-b1b1-62e297361b6b", "guesttype": "reg", "desknumber": "-", "regnumber": "9066", "note": "none"}, {"name": "", "alamat": "", "num_invited": "", "city": "", "code": "1bd0a6ea-98f7-402f-9338-83bf1c149946", "guesttype": "reg", "desknumber": "-", "regnumber": "9067", "note": "none"}, {"name": "", "alamat": "", "num_invited": "", "city": "", "code": "35126bb5-d219-4fe3-9717-7f05024e64c3", "guesttype": "reg", "desknumber": "-", "regnumber": "9068", "note": "none"}, {"name": "", "alamat": "", "num_invited": "", "city": "", "code": "87c18cbb-c975-48aa-a657-2d0ed42292da", "guesttype": "reg", "desknumber": "-", "regnumber": "9069", "note": "none"}, {"name": "", "alamat": "", "num_invited": "", "city": "", "code": "82c3d46d-6179-4ea3-96fd-11eec9b800ef", "guesttype": "reg", "desknumber": "-", "regnumber": "9070", "note": "none"}, {"name": "", "alamat": "", "num_invited": "", "city": "", "code": "e5921366-c992-4d98-84ef-7da6d761247b", "guesttype": "reg", "desknumber": "-", "regnumber": "9071", "note": "none"}, {"name": "", "alamat": "", "num_invited": "", "city": "", "code": "ee8d4c4d-c72c-42be-b380-8ddc8bf0d530", "guesttype": "reg", "desknumber": "-", "regnumber": "9072", "note": "none"}, {"name": "", "alamat": "", "num_invited": "", "city": "", "code": "34ceac6b-b703-4ae0-9562-3989f350ebc5", "guesttype": "reg", "desknumber": "-", "regnumber": "9073", "note": "none"}, {"name": "", "alamat": "", "num_invited": "", "city": "", "code": "0cc0ed6c-6af0-4703-87a7-419f38cfe579", "guesttype": "reg", "desknumber": "-", "regnumber": "9074", "note": "none"}, {"name": "", "alamat": "", "num_invited": "", "city": "", "code": "770ee047-6778-4a2e-87f4-807b3ecc6e61", "guesttype": "reg", "desknumber": "-", "regnumber": "9075", "note": "none"}, {"name": "", "alamat": "", "num_invited": "", "city": "", "code": "ee639c09-6758-42eb-b2cc-62dd314931df", "guesttype": "reg", "desknumber": "-", "regnumber": "9076", "note": "none"}, {"name": "", "alamat": "", "num_invited": "", "city": "", "code": "34672983-4c3f-4de2-93d3-835faf028e2e", "guesttype": "reg", "desknumber": "-", "regnumber": "9077", "note": "none"}, {"name": "", "alamat": "", "num_invited": "", "city": "", "code": "1a434271-f2fc-433b-a799-3dfc3804b516", "guesttype": "reg", "desknumber": "-", "regnumber": "9078", "note": "none"}, {"name": "", "alamat": "", "num_invited": "", "city": "", "code": "ae47ec4f-89d1-4a6a-99ec-8e4f772de2eb", "guesttype": "reg", "desknumber": "-", "regnumber": "9079", "note": "none"}, {"name": "", "alamat": "", "num_invited": "", "city": "", "code": "f9466a1e-ce42-4c4c-9bbd-755404c47809", "guesttype": "reg", "desknumber": "-", "regnumber": "9080", "note": "none"}, {"name": "", "alamat": "", "num_invited": "", "city": "", "code": "b76a4211-f687-42b0-9b1f-aa05696894bc", "guesttype": "reg", "desknumber": "-", "regnumber": "9081", "note": "none"}, {"name": "", "alamat": "", "num_invited": "", "city": "", "code": "662cf820-d918-4a2b-83f5-977f874713d1", "guesttype": "reg", "desknumber": "-", "regnumber": "9082", "note": "none"}, {"name": "", "alamat": "", "num_invited": "", "city": "", "code": "d85713a9-913f-4b9c-8604-7b14fb05207d", "guesttype": "reg", "desknumber": "-", "regnumber": "9083", "note": "none"}, {"name": "", "alamat": "", "num_invited": "", "city": "", "code": "655b37e3-bc4b-4c51-8984-06578bb62e5e", "guesttype": "reg", "desknumber": "-", "regnumber": "9084", "note": "none"}, {"name": "", "alamat": "", "num_invited": "", "city": "", "code": "ecdcf293-8101-4541-96f9-1424451b1b95", "guesttype": "reg", "desknumber": "-", "regnumber": "9085", "note": "none"}, {"name": "", "alamat": "", "num_invited": "", "city": "", "code": "2ab0668e-8581-4376-bce3-10d5f1525f5f", "guesttype": "reg", "desknumber": "-", "regnumber": "9086", "note": "none"}, {"name": "", "alamat": "", "num_invited": "", "city": "", "code": "21e4db76-0841-4d2a-8f6d-b07e6a60123d", "guesttype": "reg", "desknumber": "-", "regnumber": "9087", "note": "none"}, {"name": "", "alamat": "", "num_invited": "", "city": "", "code": "c5c8a2b4-98f5-4ddc-ab3a-9e7d5a3e7a01", "guesttype": "reg", "desknumber": "-", "regnumber": "9088", "note": "none"}, {"name": "", "alamat": "", "num_invited": "", "city": "", "code": "3c29b162-972b-4d8e-a0e5-ec2c2772a928", "guesttype": "reg", "desknumber": "-", "regnumber": "9089", "note": "none"}, {"name": "", "alamat": "", "num_invited": "", "city": "", "code": "d4b6ceec-78d1-4c88-b634-d5871e4dc9e5", "guesttype": "reg", "desknumber": "-", "regnumber": "9090", "note": "none"}, {"name": "", "alamat": "", "num_invited": "", "city": "", "code": "52dad7eb-bdf5-4760-9dd0-1c2e2cb12358", "guesttype": "reg", "desknumber": "-", "regnumber": "9091", "note": "none"}, {"name": "", "alamat": "", "num_invited": "", "city": "", "code": "a6f97950-00c7-451f-812b-32c55946a279", "guesttype": "reg", "desknumber": "-", "regnumber": "9092", "note": "none"}, {"name": "", "alamat": "", "num_invited": "", "city": "", "code": "d4ab7173-9e54-49ac-8029-4fb6fc839dc4", "guesttype": "reg", "desknumber": "-", "regnumber": "9093", "note": "none"}, {"name": "", "alamat": "", "num_invited": "", "city": "", "code": "a7582dec-def9-40c5-84a2-88780761f012", "guesttype": "reg", "desknumber": "-", "regnumber": "9094", "note": "none"}, {"name": "", "alamat": "", "num_invited": "", "city": "", "code": "6af90d76-30ff-4b35-93a0-2e0bbe31fe80", "guesttype": "reg", "desknumber": "-", "regnumber": "9095", "note": "none"}, {"name": "", "alamat": "", "num_invited": "", "city": "", "code": "5224fecb-e7c6-4210-bb8e-7dce0b78bcf8", "guesttype": "reg", "desknumber": "-", "regnumber": "9096", "note": "none"}, {"name": "", "alamat": "", "num_invited": "", "city": "", "code": "cf3f6a10-108c-44cc-9fea-1ba7de2eb349", "guesttype": "reg", "desknumber": "-", "regnumber": "9097", "note": "none"}, {"name": "", "alamat": "", "num_invited": "", "city": "", "code": "3ad07800-f903-48ba-a5b9-5026cf5e54cf", "guesttype": "reg", "desknumber": "-", "regnumber": "9098", "note": "none"}, {"name": "", "alamat": "", "num_invited": "", "city": "", "code": "042ef3ba-9354-4345-94ee-df7c2ccd0b56", "guesttype": "reg", "desknumber": "-", "regnumber": "9099", "note": "none"}, {"name": "", "alamat": "", "num_invited": "", "city": "", "code": "a399e19c-0c5a-4314-851a-79a6ce7d4dbb", "guesttype": "reg", "desknumber": "-", "regnumber": "9100", "note": "none"}]